frame,algorithm,fps,ground_truth_x,ground_truth_y,ground_truth_w,ground_truth_h,predicted_x,predicted_y,predicted_w,predicted_h,iou,success
1,CSRT,0.0,204,63,207,207,-1,-1,-1,-1,0.0,False
2,CSRT,0.0,241,66,195,195,-1,-1,-1,-1,0.0,False
3,CSRT,0.0,232,64,201,201,-1,-1,-1,-1,0.0,False
4,CSRT,0.0,229,64,199,199,-1,-1,-1,-1,0.0,False
5,CSRT,0.0,229,64,199,199,-1,-1,-1,-1,0.0,False
6,CSRT,0.0,227,63,202,202,-1,-1,-1,-1,0.0,False
7,CSRT,0.0,230,64,197,197,-1,-1,-1,-1,0.0,False
8,CSRT,0.0,235,62,199,199,-1,-1,-1,-1,0.0,False
9,CSRT,0.0,237,57,203,203,-1,-1,-1,-1,0.0,False
10,CSRT,0.0,244,62,200,200,-1,-1,-1,-1,0.0,False
11,CSRT,0.0,244,62,200,200,-1,-1,-1,-1,0.0,False
12,CSRT,0.0,238,60,203,203,-1,-1,-1,-1,0.0,False
13,CSRT,0.0,236,63,201,201,-1,-1,-1,-1,0.0,False
14,CSRT,0.0,236,63,201,201,-1,-1,-1,-1,0.0,False
15,CSRT,0.0,231,62,202,202,-1,-1,-1,-1,0.0,False
16,CSRT,0.0,226,62,205,205,-1,-1,-1,-1,0.0,False
17,CSRT,0.0,231,64,199,199,-1,-1,-1,-1,0.0,False
18,CSRT,0.0,228,63,203,203,-1,-1,-1,-1,0.0,False
19,CSRT,0.0,225,62,204,204,-1,-1,-1,-1,0.0,False
20,CSRT,0.0,225,62,204,204,-1,-1,-1,-1,0.0,False
21,CSRT,0.0,222,66,201,201,-1,-1,-1,-1,0.0,False
22,CSRT,0.0,221,68,199,199,-1,-1,-1,-1,0.0,False
23,CSRT,0.0,221,68,199,199,-1,-1,-1,-1,0.0,False
24,CSRT,0.0,214,67,205,205,-1,-1,-1,-1,0.0,False
25,CSRT,0.0,217,71,195,195,-1,-1,-1,-1,0.0,False
26,CSRT,0.0,218,73,194,194,-1,-1,-1,-1,0.0,False
27,CSRT,0.0,217,76,192,192,-1,-1,-1,-1,0.0,False
28,CSRT,0.0,210,77,197,197,-1,-1,-1,-1,0.0,False
29,CSRT,0.0,210,77,197,197,-1,-1,-1,-1,0.0,False
30,CSRT,6.858745217500274,205,84,194,194,-1,-1,-1,-1,0.0,False
31,CSRT,6.858745217500274,204,88,190,190,-1,-1,-1,-1,0.0,False
32,CSRT,6.858745217500274,204,88,190,190,-1,-1,-1,-1,0.0,False
33,CSRT,6.858745217500274,207,94,179,179,-1,-1,-1,-1,0.0,False
34,CSRT,6.858745217500274,165,12,226,226,-1,-1,-1,-1,0.0,False
35,CSRT,6.858745217500274,198,102,176,176,-1,-1,-1,-1,0.0,False
36,CSRT,6.858745217500274,193,102,179,179,-1,-1,-1,-1,0.0,False
37,CSRT,6.858745217500274,188,108,176,176,-1,-1,-1,-1,0.0,False
38,CSRT,6.858745217500274,188,108,176,176,-1,-1,-1,-1,0.0,False
39,CSRT,6.858745217500274,175,117,174,174,-1,-1,-1,-1,0.0,False
40,CSRT,6.858745217500274,169,121,169,169,-1,-1,-1,-1,0.0,False
41,CSRT,6.858745217500274,169,121,169,169,-1,-1,-1,-1,0.0,False
42,CSRT,6.858745217500274,158,120,175,175,-1,-1,-1,-1,0.0,False
43,CSRT,6.858745217500274,152,121,175,175,-1,-1,-1,-1,0.0,False
44,CSRT,6.858745217500274,150,124,169,169,-1,-1,-1,-1,0.0,False
45,CSRT,6.858745217500274,140,122,178,178,-1,-1,-1,-1,0.0,False
46,CSRT,6.858745217500274,133,124,178,178,-1,-1,-1,-1,0.0,False
47,CSRT,6.858745217500274,133,124,178,178,-1,-1,-1,-1,0.0,False
48,CSRT,6.858745217500274,125,129,173,173,-1,-1,-1,-1,0.0,False
49,CSRT,6.858745217500274,122,130,174,174,-1,-1,-1,-1,0.0,False
50,CSRT,6.858745217500274,122,130,174,174,-1,-1,-1,-1,0.0,False
51,CSRT,6.858745217500274,117,130,179,179,-1,-1,-1,-1,0.0,False
52,CSRT,6.858745217500274,118,133,173,173,-1,-1,-1,-1,0.0,False
53,CSRT,6.858745217500274,119,134,172,172,-1,-1,-1,-1,0.0,False
54,CSRT,6.858745217500274,118,131,175,175,-1,-1,-1,-1,0.0,False
55,CSRT,6.858745217500274,122,129,175,175,-1,-1,-1,-1,0.0,False
56,CSRT,6.858745217500274,122,129,175,175,-1,-1,-1,-1,0.0,False
57,CSRT,6.858745217500274,139,122,177,177,-1,-1,-1,-1,0.0,False
58,CSRT,6.858745217500274,148,118,180,180,-1,-1,-1,-1,0.0,False
59,CSRT,6.858745217500274,148,118,180,180,-1,-1,-1,-1,0.0,False
60,CSRT,11.356636065599812,165,115,176,176,-1,-1,-1,-1,0.0,False
61,CSRT,11.356636065599812,171,110,181,181,-1,-1,-1,-1,0.0,False
62,CSRT,11.356636065599812,186,107,182,182,-1,-1,-1,-1,0.0,False
63,CSRT,11.356636065599812,158,16,237,237,-1,-1,-1,-1,0.0,False
64,CSRT,11.356636065599812,213,102,179,179,-1,-1,-1,-1,0.0,False
65,CSRT,11.356636065599812,191,16,220,220,-1,-1,-1,-1,0.0,False
66,CSRT,11.356636065599812,243,96,177,177,-1,-1,-1,-1,0.0,False
67,CSRT,11.356636065599812,216,2,232,232,-1,-1,-1,-1,0.0,False
68,CSRT,11.356636065599812,216,2,232,232,-1,-1,-1,-1,0.0,False
69,CSRT,11.356636065599812,270,87,183,183,-1,-1,-1,-1,0.0,False
70,CSRT,11.356636065599812,280,83,188,188,-1,-1,-1,-1,0.0,False
71,CSRT,11.356636065599812,293,84,184,184,-1,-1,-1,-1,0.0,False
72,CSRT,11.356636065599812,296,81,192,192,-1,-1,-1,-1,0.0,False
73,CSRT,11.356636065599812,305,81,190,190,-1,-1,-1,-1,0.0,False
74,CSRT,11.356636065599812,305,81,190,190,-1,-1,-1,-1,0.0,False
75,CSRT,11.356636065599812,303,80,195,195,-1,-1,-1,-1,0.0,False
76,CSRT,11.356636065599812,300,81,193,193,-1,-1,-1,-1,0.0,False
77,CSRT,11.356636065599812,300,81,193,193,-1,-1,-1,-1,0.0,False
78,CSRT,11.356636065599812,293,82,190,190,-1,-1,-1,-1,0.0,False
79,CSRT,11.356636065599812,282,82,190,190,-1,-1,-1,-1,0.0,False
80,CSRT,11.356636065599812,271,84,189,189,-1,-1,-1,-1,0.0,False
81,CSRT,11.356636065599812,259,84,190,190,-1,-1,-1,-1,0.0,False
82,CSRT,11.356636065599812,212,5,224,224,-1,-1,-1,-1,0.0,False
83,CSRT,11.356636065599812,212,5,224,224,-1,-1,-1,-1,0.0,False
84,CSRT,11.356636065599812,228,91,183,183,-1,-1,-1,-1,0.0,False
85,CSRT,11.356636065599812,175,6,236,236,-1,-1,-1,-1,0.0,False
86,CSRT,11.356636065599812,175,6,236,236,-1,-1,-1,-1,0.0,False
87,CSRT,11.356636065599812,171,10,232,232,-1,-1,-1,-1,0.0,False
88,CSRT,11.356636065599812,194,97,185,185,-1,-1,-1,-1,0.0,False
89,CSRT,11.356636065599812,160,27,209,209,-1,-1,-1,-1,0.0,False
90,CSRT,11.146802547048464,182,102,180,180,-1,-1,-1,-1,0.0,False
91,CSRT,11.146802547048464,179,108,172,172,-1,-1,-1,-1,0.0,False
92,CSRT,11.146802547048464,179,108,172,172,-1,-1,-1,-1,0.0,False
93,CSRT,11.146802547048464,171,112,170,170,-1,-1,-1,-1,0.0,False
94,CSRT,11.146802547048464,172,114,166,166,-1,-1,-1,-1,0.0,False
95,CSRT,11.146802547048464,172,114,166,166,-1,-1,-1,-1,0.0,False
96,CSRT,11.146802547048464,169,113,168,168,-1,-1,-1,-1,0.0,False
97,CSRT,11.146802547048464,168,113,165,165,-1,-1,-1,-1,0.0,False
98,CSRT,11.146802547048464,166,112,166,166,-1,-1,-1,-1,0.0,False
99,CSRT,11.146802547048464,165,112,166,166,-1,-1,-1,-1,0.0,False
100,CSRT,11.146802547048464,163,114,167,167,-1,-1,-1,-1,0.0,False
101,CSRT,11.146802547048464,163,114,167,167,-1,-1,-1,-1,0.0,False
102,CSRT,11.146802547048464,153,115,170,170,-1,-1,-1,-1,0.0,False
103,CSRT,11.146802547048464,145,115,174,174,-1,-1,-1,-1,0.0,False
104,CSRT,11.146802547048464,145,115,174,174,-1,-1,-1,-1,0.0,False
105,CSRT,11.146802547048464,138,117,175,175,-1,-1,-1,-1,0.0,False
106,CSRT,11.146802547048464,135,119,171,171,-1,-1,-1,-1,0.0,False
107,CSRT,11.146802547048464,133,120,171,171,-1,-1,-1,-1,0.0,False
108,CSRT,11.146802547048464,135,122,165,165,-1,-1,-1,-1,0.0,False
109,CSRT,11.146802547048464,133,121,168,168,-1,-1,-1,-1,0.0,False
110,CSRT,11.146802547048464,133,121,168,168,-1,-1,-1,-1,0.0,False
111,CSRT,11.146802547048464,133,120,169,169,-1,-1,-1,-1,0.0,False
112,CSRT,11.146802547048464,133,119,171,171,-1,-1,-1,-1,0.0,False
113,KCF,11.146802547048464,133,119,171,171,-1,-1,-1,-1,0.0,False
114,KCF,11.146802547048464,136,118,171,171,-1,-1,-1,-1,0.0,False
115,KCF,11.146802547048464,139,117,173,173,-1,-1,-1,-1,0.0,False
116,KCF,11.146802547048464,139,117,173,173,-1,-1,-1,-1,0.0,False
117,KCF,11.146802547048464,141,115,173,173,-1,-1,-1,-1,0.0,False
118,KCF,11.146802547048464,146,116,169,169,-1,-1,-1,-1,0.0,False
119,KCF,11.146802547048464,146,116,169,169,-1,-1,-1,-1,0.0,False
120,KCF,12.061590749271296,148,115,173,173,-1,-1,-1,-1,0.0,False
121,KCF,12.061590749271296,153,114,169,169,-1,-1,-1,-1,0.0,False
122,KCF,12.061590749271296,153,114,169,169,-1,-1,-1,-1,0.0,False
123,KCF,12.061590749271296,160,112,172,172,-1,-1,-1,-1,0.0,False
124,KCF,12.061590749271296,162,109,175,175,-1,-1,-1,-1,0.0,False
125,KCF,12.061590749271296,162,109,175,175,-1,-1,-1,-1,0.0,False
126,KCF,12.061590749271296,169,109,170,170,-1,-1,-1,-1,0.0,False
127,KCF,12.061590749271296,173,107,171,171,-1,-1,-1,-1,0.0,False
128,KCF,12.061590749271296,173,107,171,171,-1,-1,-1,-1,0.0,False
129,KCF,12.061590749271296,151,24,215,215,-1,-1,-1,-1,0.0,False
130,KCF,12.061590749271296,157,26,210,210,-1,-1,-1,-1,0.0,False
131,KCF,12.061590749271296,157,26,210,210,-1,-1,-1,-1,0.0,False
132,KCF,12.061590749271296,161,20,215,215,-1,-1,-1,-1,0.0,False
133,KCF,12.061590749271296,190,97,180,180,-1,-1,-1,-1,0.0,False
134,KCF,12.061590749271296,190,97,180,180,-1,-1,-1,-1,0.0,False
135,KCF,12.061590749271296,161,10,227,227,-1,-1,-1,-1,0.0,False
136,KCF,12.061590749271296,168,8,231,231,-1,-1,-1,-1,0.0,False
137,KCF,12.061590749271296,168,8,231,231,-1,-1,-1,-1,0.0,False
138,KCF,12.061590749271296,211,95,181,181,-1,-1,-1,-1,0.0,False
139,KCF,12.061590749271296,219,94,178,178,-1,-1,-1,-1,0.0,False
140,KCF,12.061590749271296,219,94,178,178,-1,-1,-1,-1,0.0,False
141,KCF,12.061590749271296,202,10,219,219,-1,-1,-1,-1,0.0,False
142,KCF,12.061590749271296,208,8,219,219,-1,-1,-1,-1,0.0,False
143,KCF,12.061590749271296,230,91,182,182,-1,-1,-1,-1,0.0,False
144,KCF,12.061590749271296,214,11,215,215,-1,-1,-1,-1,0.0,False
145,KCF,12.061590749271296,240,88,182,182,-1,-1,-1,-1,0.0,False
146,KCF,12.061590749271296,244,89,180,180,-1,-1,-1,-1,0.0,False
147,KCF,12.061590749271296,249,88,177,177,-1,-1,-1,-1,0.0,False
148,KCF,12.061590749271296,250,85,183,183,-1,-1,-1,-1,0.0,False
149,KCF,12.061590749271296,255,86,181,181,-1,-1,-1,-1,0.0,False
150,KCF,15.855957391872716,260,84,184,184,-1,-1,-1,-1,0.0,False
151,KCF,15.855957391872716,272,84,182,182,-1,-1,-1,-1,0.0,False
152,KCF,15.855957391872716,273,82,189,189,-1,-1,-1,-1,0.0,False
153,KCF,15.855957391872716,278,83,187,187,-1,-1,-1,-1,0.0,False
154,KCF,15.855957391872716,282,83,188,188,-1,-1,-1,-1,0.0,False
155,KCF,15.855957391872716,285,82,187,187,-1,-1,-1,-1,0.0,False
156,KCF,15.855957391872716,288,82,189,189,-1,-1,-1,-1,0.0,False
157,KCF,15.855957391872716,293,81,188,188,-1,-1,-1,-1,0.0,False
158,KCF,15.855957391872716,298,82,188,188,-1,-1,-1,-1,0.0,False
159,KCF,15.855957391872716,302,83,186,186,-1,-1,-1,-1,0.0,False
160,KCF,15.855957391872716,308,83,188,188,-1,-1,-1,-1,0.0,False
161,KCF,15.855957391872716,310,81,191,191,-1,-1,-1,-1,0.0,False
162,KCF,15.855957391872716,313,84,184,184,-1,-1,-1,-1,0.0,False
163,KCF,15.855957391872716,316,85,183,183,-1,-1,-1,-1,0.0,False
164,KCF,15.855957391872716,317,85,185,185,-1,-1,-1,-1,0.0,False
165,KCF,15.855957391872716,317,85,187,187,-1,-1,-1,-1,0.0,False
166,KCF,15.855957391872716,319,84,189,189,-1,-1,-1,-1,0.0,False
167,KCF,15.855957391872716,321,83,189,189,-1,-1,-1,-1,0.0,False
168,KCF,15.855957391872716,322,82,194,194,-1,-1,-1,-1,0.0,False
169,KCF,15.855957391872716,324,81,200,200,-1,-1,-1,-1,0.0,False
170,KCF,15.855957391872716,329,82,196,196,-1,-1,-1,-1,0.0,False
171,KCF,15.855957391872716,333,82,196,196,-1,-1,-1,-1,0.0,False
172,KCF,15.855957391872716,335,83,195,195,-1,-1,-1,-1,0.0,False
173,KCF,15.855957391872716,335,83,199,199,-1,-1,-1,-1,0.0,False
174,KCF,15.855957391872716,336,81,202,202,-1,-1,-1,-1,0.0,False
175,KCF,15.855957391872716,338,82,200,200,-1,-1,-1,-1,0.0,False
176,KCF,15.855957391872716,336,82,201,201,-1,-1,-1,-1,0.0,False
177,KCF,15.855957391872716,341,84,195,195,-1,-1,-1,-1,0.0,False
178,KCF,15.855957391872716,333,83,200,200,-1,-1,-1,-1,0.0,False
179,KCF,15.855957391872716,335,84,192,192,-1,-1,-1,-1,0.0,False
180,KCF,14.77746274956447,329,84,193,193,-1,-1,-1,-1,0.0,False
181,KCF,14.77746274956447,327,86,187,187,-1,-1,-1,-1,0.0,False
182,KCF,14.77746274956447,321,85,189,189,-1,-1,-1,-1,0.0,False
183,KCF,14.77746274956447,316,88,184,184,-1,-1,-1,-1,0.0,False
184,KCF,14.77746274956447,308,86,188,188,-1,-1,-1,-1,0.0,False
185,KCF,14.77746274956447,306,89,181,181,-1,-1,-1,-1,0.0,False
186,KCF,14.77746274956447,299,88,184,184,-1,-1,-1,-1,0.0,False
187,KCF,14.77746274956447,284,86,187,187,-1,-1,-1,-1,0.0,False
188,KCF,14.77746274956447,278,89,181,181,-1,-1,-1,-1,0.0,False
189,KCF,14.77746274956447,269,88,183,183,-1,-1,-1,-1,0.0,False
190,KCF,14.77746274956447,262,90,183,183,-1,-1,-1,-1,0.0,False
191,KCF,14.77746274956447,256,89,182,182,-1,-1,-1,-1,0.0,False
192,KCF,14.77746274956447,247,89,180,180,-1,-1,-1,-1,0.0,False
193,KCF,14.77746274956447,238,89,183,183,-1,-1,-1,-1,0.0,False
194,KCF,14.77746274956447,234,92,177,177,-1,-1,-1,-1,0.0,False
195,KCF,14.77746274956447,226,90,179,179,-1,-1,-1,-1,0.0,False
196,KCF,14.77746274956447,213,94,174,174,-1,-1,-1,-1,0.0,False
197,KCF,14.77746274956447,171,9,231,231,-1,-1,-1,-1,0.0,False
198,KCF,14.77746274956447,162,12,223,223,-1,-1,-1,-1,0.0,False
199,KCF,14.77746274956447,165,13,218,218,-1,-1,-1,-1,0.0,False
200,KCF,14.77746274956447,183,98,175,175,-1,-1,-1,-1,0.0,False
201,KCF,14.77746274956447,176,101,173,173,-1,-1,-1,-1,0.0,False
202,KCF,14.77746274956447,168,104,171,171,-1,-1,-1,-1,0.0,False
203,KCF,14.77746274956447,158,104,175,175,-1,-1,-1,-1,0.0,False
204,KCF,14.77746274956447,146,108,173,173,-1,-1,-1,-1,0.0,False
205,KCF,14.77746274956447,138,111,171,171,-1,-1,-1,-1,0.0,False
206,KCF,14.77746274956447,132,111,172,172,-1,-1,-1,-1,0.0,False
207,KCF,14.77746274956447,124,110,176,176,-1,-1,-1,-1,0.0,False
208,KCF,14.77746274956447,122,114,174,174,-1,-1,-1,-1,0.0,False
209,KCF,14.77746274956447,116,113,178,178,-1,-1,-1,-1,0.0,False
210,KCF,15.123785013586021,114,114,177,177,-1,-1,-1,-1,0.0,False
211,KCF,15.123785013586021,113,118,172,172,-1,-1,-1,-1,0.0,False
212,KCF,15.123785013586021,106,118,175,175,-1,-1,-1,-1,0.0,False
213,KCF,15.123785013586021,106,119,175,175,-1,-1,-1,-1,0.0,False
214,KCF,15.123785013586021,103,119,175,175,-1,-1,-1,-1,0.0,False
215,KCF,15.123785013586021,109,120,170,170,-1,-1,-1,-1,0.0,False
216,KCF,15.123785013586021,110,118,173,173,-1,-1,-1,-1,0.0,False
217,KCF,15.123785013586021,110,116,178,178,-1,-1,-1,-1,0.0,False
218,KCF,15.123785013586021,116,115,175,175,-1,-1,-1,-1,0.0,False
219,KCF,15.123785013586021,121,114,173,173,-1,-1,-1,-1,0.0,False
220,KCF,15.123785013586021,129,113,171,171,-1,-1,-1,-1,0.0,False
221,KCF,15.123785013586021,134,108,175,175,-1,-1,-1,-1,0.0,False
222,KCF,15.123785013586021,149,106,171,171,-1,-1,-1,-1,0.0,False
223,KCF,15.123785013586021,161,107,162,162,-1,-1,-1,-1,0.0,False
224,KCF,15.123785013586021,167,106,163,163,-1,-1,-1,-1,0.0,False
225,KCF,15.123785013586021,171,102,170,170,-1,-1,-1,-1,0.0,False
226,KCF,15.123785013586021,175,102,168,168,-1,-1,-1,-1,0.0,False
227,KCF,15.123785013586021,177,102,170,170,-1,-1,-1,-1,0.0,False
228,KCF,15.123785013586021,182,101,167,167,-1,-1,-1,-1,0.0,False
229,KCF,15.123785013586021,156,19,209,209,-1,-1,-1,-1,0.0,False
230,KCF,15.123785013586021,190,99,170,170,-1,-1,-1,-1,0.0,False
231,KCF,15.123785013586021,162,15,215,215,-1,-1,-1,-1,0.0,False
232,KCF,15.123785013586021,201,94,173,173,-1,-1,-1,-1,0.0,False
233,KCF,15.123785013586021,209,93,171,171,-1,-1,-1,-1,0.0,False
234,KCF,15.123785013586021,192,14,213,213,-1,-1,-1,-1,0.0,False
235,KCF,15.123785013586021,195,11,212,212,-1,-1,-1,-1,0.0,False
236,KCF,15.123785013586021,220,93,168,168,-1,-1,-1,-1,0.0,False
237,KCF,15.123785013586021,225,92,169,169,-1,-1,-1,-1,0.0,False
238,KCF,15.123785013586021,229,91,168,168,-1,-1,-1,-1,0.0,False
239,KCF,15.123785013586021,218,12,202,202,-1,-1,-1,-1,0.0,False
240,KCF,14.750238258514884,226,13,198,198,-1,-1,-1,-1,0.0,False
241,KCF,14.750238258514884,231,13,199,199,-1,-1,-1,-1,0.0,False
242,KCF,14.750238258514884,231,13,201,201,-1,-1,-1,-1,0.0,False
243,KCF,14.750238258514884,235,12,200,200,-1,-1,-1,-1,0.0,False
244,KCF,14.750238258514884,258,90,166,166,-1,-1,-1,-1,0.0,False
245,KCF,14.750238258514884,262,89,167,167,-1,-1,-1,-1,0.0,False
246,KCF,14.750238258514884,266,89,167,167,-1,-1,-1,-1,0.0,False
247,KCF,14.750238258514884,269,86,172,172,-1,-1,-1,-1,0.0,False
248,KCF,14.750238258514884,272,84,174,174,-1,-1,-1,-1,0.0,False
249,KCF,14.750238258514884,277,85,172,172,-1,-1,-1,-1,0.0,False
250,KCF,14.750238258514884,286,84,172,172,-1,-1,-1,-1,0.0,False
251,KCF,14.750238258514884,289,85,174,174,-1,-1,-1,-1,0.0,False
252,KCF,14.750238258514884,295,85,174,174,-1,-1,-1,-1,0.0,False
253,KCF,14.750238258514884,300,87,170,170,-1,-1,-1,-1,0.0,False
254,KCF,14.750238258514884,303,87,170,170,-1,-1,-1,-1,0.0,False
255,KCF,14.750238258514884,305,87,172,172,-1,-1,-1,-1,0.0,False
256,KCF,14.750238258514884,309,87,171,171,-1,-1,-1,-1,0.0,False
257,KCF,14.750238258514884,312,87,173,173,-1,-1,-1,-1,0.0,False
258,KCF,14.750238258514884,317,87,174,174,-1,-1,-1,-1,0.0,False
259,KCF,14.750238258514884,318,86,177,177,-1,-1,-1,-1,0.0,False
260,KCF,14.750238258514884,321,87,177,177,-1,-1,-1,-1,0.0,False
261,KCF,14.750238258514884,324,88,176,176,-1,-1,-1,-1,0.0,False
262,KCF,14.750238258514884,325,87,181,181,-1,-1,-1,-1,0.0,False
263,KCF,14.750238258514884,328,87,181,181,-1,-1,-1,-1,0.0,False
264,KCF,14.750238258514884,332,88,177,177,-1,-1,-1,-1,0.0,False
265,MIL,14.750238258514884,335,88,178,178,-1,-1,-1,-1,0.0,False
266,MIL,14.750238258514884,336,89,179,179,-1,-1,-1,-1,0.0,False
267,MIL,14.750238258514884,339,91,175,175,-1,-1,-1,-1,0.0,False
268,MIL,14.750238258514884,336,88,179,179,-1,-1,-1,-1,0.0,False
269,MIL,14.750238258514884,336,89,178,178,-1,-1,-1,-1,0.0,False
270,MIL,14.829559054715363,337,91,171,171,-1,-1,-1,-1,0.0,False
271,MIL,14.829559054715363,331,88,178,178,-1,-1,-1,-1,0.0,False
272,MIL,14.829559054715363,327,87,180,180,-1,-1,-1,-1,0.0,False
273,MIL,14.829559054715363,326,90,173,173,-1,-1,-1,-1,0.0,False
274,MIL,14.829559054715363,312,88,173,173,-1,-1,-1,-1,0.0,False
275,MIL,14.829559054715363,306,88,170,170,-1,-1,-1,-1,0.0,False
276,MIL,14.829559054715363,295,84,176,176,-1,-1,-1,-1,0.0,False
277,MIL,14.829559054715363,290,86,168,168,-1,-1,-1,-1,0.0,False
278,MIL,14.829559054715363,277,83,173,173,-1,-1,-1,-1,0.0,False
279,MIL,14.829559054715363,264,79,181,181,-1,-1,-1,-1,0.0,False
280,MIL,14.829559054715363,232,4,206,206,-1,-1,-1,-1,0.0,False
281,MIL,14.829559054715363,244,83,175,175,-1,-1,-1,-1,0.0,False
282,MIL,14.829559054715363,236,83,174,174,-1,-1,-1,-1,0.0,False
283,MIL,14.829559054715363,236,83,174,174,-1,-1,-1,-1,0.0,False
284,MIL,14.829559054715363,189,7,219,219,-1,-1,-1,-1,0.0,False
285,MIL,14.829559054715363,189,7,219,219,-1,-1,-1,-1,0.0,False
286,MIL,14.829559054715363,207,86,175,175,-1,-1,-1,-1,0.0,False
287,MIL,14.829559054715363,203,89,170,170,-1,-1,-1,-1,0.0,False
288,MIL,14.829559054715363,195,90,169,169,-1,-1,-1,-1,0.0,False
289,MIL,14.829559054715363,186,89,174,174,-1,-1,-1,-1,0.0,False
290,MIL,14.829559054715363,182,93,168,168,-1,-1,-1,-1,0.0,False
291,MIL,14.829559054715363,175,93,170,170,-1,-1,-1,-1,0.0,False
292,MIL,14.829559054715363,175,93,170,170,-1,-1,-1,-1,0.0,False
293,MIL,14.829559054715363,155,98,174,174,-1,-1,-1,-1,0.0,False
294,MIL,14.829559054715363,155,98,174,174,-1,-1,-1,-1,0.0,False
295,MIL,14.829559054715363,151,101,172,172,-1,-1,-1,-1,0.0,False
296,MIL,14.829559054715363,147,103,171,171,-1,-1,-1,-1,0.0,False
297,MIL,14.829559054715363,140,106,171,171,-1,-1,-1,-1,0.0,False
298,MIL,14.829559054715363,140,106,171,171,-1,-1,-1,-1,0.0,False
299,MIL,14.829559054715363,130,105,181,181,-1,-1,-1,-1,0.0,False
300,MIL,11.371169478241043,130,105,181,181,-1,-1,-1,-1,0.0,False
301,MIL,11.371169478241043,135,109,173,173,-1,-1,-1,-1,0.0,False
302,MIL,11.371169478241043,134,109,175,175,-1,-1,-1,-1,0.0,False
303,MIL,11.371169478241043,130,109,176,176,-1,-1,-1,-1,0.0,False
304,MIL,11.371169478241043,130,109,176,176,-1,-1,-1,-1,0.0,False
305,MIL,11.371169478241043,136,109,172,172,-1,-1,-1,-1,0.0,False
306,MIL,11.371169478241043,136,109,172,172,-1,-1,-1,-1,0.0,False
307,MIL,11.371169478241043,134,108,176,176,-1,-1,-1,-1,0.0,False
308,MIL,11.371169478241043,135,106,178,178,-1,-1,-1,-1,0.0,False
309,MIL,11.371169478241043,144,105,174,174,-1,-1,-1,-1,0.0,False
310,MIL,11.371169478241043,144,105,174,174,-1,-1,-1,-1,0.0,False
311,MIL,11.371169478241043,156,104,171,171,-1,-1,-1,-1,0.0,False
312,MIL,11.371169478241043,156,104,171,171,-1,-1,-1,-1,0.0,False
313,MIL,11.371169478241043,166,102,168,168,-1,-1,-1,-1,0.0,False
314,MIL,11.371169478241043,175,97,174,174,-1,-1,-1,-1,0.0,False
315,MIL,11.371169478241043,185,96,170,170,-1,-1,-1,-1,0.0,False
316,MIL,11.371169478241043,194,91,176,176,-1,-1,-1,-1,0.0,False
317,MIL,11.371169478241043,204,90,174,174,-1,-1,-1,-1,0.0,False
318,MIL,11.371169478241043,218,88,173,173,-1,-1,-1,-1,0.0,False
319,MIL,11.371169478241043,223,85,175,175,-1,-1,-1,-1,0.0,False
320,MIL,11.371169478241043,228,83,178,178,-1,-1,-1,-1,0.0,False
321,MIL,11.371169478241043,208,6,212,212,-1,-1,-1,-1,0.0,False
322,MIL,11.371169478241043,225,7,205,205,-1,-1,-1,-1,0.0,False
323,MIL,11.371169478241043,253,83,176,176,-1,-1,-1,-1,0.0,False
324,MIL,11.371169478241043,258,82,176,176,-1,-1,-1,-1,0.0,False
325,MIL,11.371169478241043,267,83,174,174,-1,-1,-1,-1,0.0,False
326,MIL,11.371169478241043,273,84,173,173,-1,-1,-1,-1,0.0,False
327,MIL,11.371169478241043,281,83,174,174,-1,-1,-1,-1,0.0,False
328,MIL,11.371169478241043,303,83,175,175,-1,-1,-1,-1,0.0,False
329,MIL,11.371169478241043,307,82,181,181,-1,-1,-1,-1,0.0,False
330,MIL,13.295095709932223,315,82,179,179,-1,-1,-1,-1,0.0,False
331,MIL,13.295095709932223,317,79,187,187,-1,-1,-1,-1,0.0,False
332,MIL,13.295095709932223,321,79,192,192,-1,-1,-1,-1,0.0,False
333,MIL,13.295095709932223,332,81,190,190,-1,-1,-1,-1,0.0,False
334,MIL,13.295095709932223,337,80,188,188,-1,-1,-1,-1,0.0,False
335,MIL,13.295095709932223,346,85,181,181,-1,-1,-1,-1,0.0,False
336,MIL,13.295095709932223,351,85,181,181,-1,-1,-1,-1,0.0,False
337,MIL,13.295095709932223,351,85,184,184,-1,-1,-1,-1,0.0,False
338,MIL,13.295095709932223,358,87,180,180,-1,-1,-1,-1,0.0,False
339,MIL,13.295095709932223,359,88,182,182,-1,-1,-1,-1,0.0,False
340,MIL,13.295095709932223,364,89,180,180,-1,-1,-1,-1,0.0,False
341,MIL,13.295095709932223,367,89,182,182,-1,-1,-1,-1,0.0,False
342,MIL,13.295095709932223,372,92,177,177,-1,-1,-1,-1,0.0,False
343,MIL,13.295095709932223,370,90,184,184,-1,-1,-1,-1,0.0,False
344,MIL,13.295095709932223,370,90,180,180,-1,-1,-1,-1,0.0,False
345,MIL,13.295095709932223,369,90,180,180,-1,-1,-1,-1,0.0,False
346,MIL,13.295095709932223,364,89,182,182,-1,-1,-1,-1,0.0,False
347,MIL,13.295095709932223,366,90,177,177,-1,-1,-1,-1,0.0,False
348,MIL,13.295095709932223,358,89,184,184,-1,-1,-1,-1,0.0,False
349,MIL,13.295095709932223,355,88,181,181,-1,-1,-1,-1,0.0,False
350,MIL,13.295095709932223,346,83,183,183,-1,-1,-1,-1,0.0,False
351,MIL,13.295095709932223,329,79,183,183,-1,-1,-1,-1,0.0,False
352,MIL,13.295095709932223,322,80,178,178,-1,-1,-1,-1,0.0,False
353,MIL,13.295095709932223,316,82,172,172,-1,-1,-1,-1,0.0,False
354,MIL,13.295095709932223,307,81,170,170,-1,-1,-1,-1,0.0,False
355,MIL,13.295095709932223,294,76,177,177,-1,-1,-1,-1,0.0,False
356,MIL,13.295095709932223,284,77,177,177,-1,-1,-1,-1,0.0,False
357,MIL,13.295095709932223,259,77,179,179,-1,-1,-1,-1,0.0,False
358,MIL,13.295095709932223,253,79,175,175,-1,-1,-1,-1,0.0,False
359,MIL,13.295095709932223,248,81,172,172,-1,-1,-1,-1,0.0,False
360,MIL,14.36310873130845,217,4,202,202,-1,-1,-1,-1,0.0,False
361,MIL,14.36310873130845,234,81,173,173,-1,-1,-1,-1,0.0,False
362,MIL,14.36310873130845,225,79,175,175,-1,-1,-1,-1,0.0,False
363,MIL,14.36310873130845,211,80,179,179,-1,-1,-1,-1,0.0,False
364,MIL,14.36310873130845,203,83,175,175,-1,-1,-1,-1,0.0,False
365,MIL,14.36310873130845,198,85,174,174,-1,-1,-1,-1,0.0,False
366,MIL,14.36310873130845,188,87,171,171,-1,-1,-1,-1,0.0,False
367,MIL,14.36310873130845,185,90,169,169,-1,-1,-1,-1,0.0,False
368,MIL,14.36310873130845,180,90,173,173,-1,-1,-1,-1,0.0,False
369,MIL,14.36310873130845,176,90,174,174,-1,-1,-1,-1,0.0,False
370,MIL,14.36310873130845,175,94,166,166,-1,-1,-1,-1,0.0,False
371,MIL,14.36310873130845,172,95,167,167,-1,-1,-1,-1,0.0,False
372,MIL,14.36310873130845,169,98,167,167,-1,-1,-1,-1,0.0,False
373,MIL,14.36310873130845,155,100,171,171,-1,-1,-1,-1,0.0,False
374,MIL,14.36310873130845,150,102,171,171,-1,-1,-1,-1,0.0,False
375,MIL,14.36310873130845,151,105,167,167,-1,-1,-1,-1,0.0,False
376,MIL,14.36310873130845,143,104,173,173,-1,-1,-1,-1,0.0,False
377,MIL,14.36310873130845,137,105,177,177,-1,-1,-1,-1,0.0,False
378,MIL,14.36310873130845,129,109,179,179,-1,-1,-1,-1,0.0,False
379,MIL,14.36310873130845,121,110,186,186,-1,-1,-1,-1,0.0,False
380,MIL,14.36310873130845,119,117,178,178,-1,-1,-1,-1,0.0,False
381,MIL,14.36310873130845,109,118,184,184,-1,-1,-1,-1,0.0,False
382,MIL,14.36310873130845,104,119,186,186,-1,-1,-1,-1,0.0,False
383,MIL,14.36310873130845,108,121,181,181,-1,-1,-1,-1,0.0,False
384,MIL,14.36310873130845,101,120,189,189,-1,-1,-1,-1,0.0,False
385,MIL,14.36310873130845,97,122,188,188,-1,-1,-1,-1,0.0,False
386,MIL,14.36310873130845,99,121,188,188,-1,-1,-1,-1,0.0,False
387,MIL,14.36310873130845,104,118,189,189,-1,-1,-1,-1,0.0,False
388,MOSSE,14.36310873130845,107,121,182,182,-1,-1,-1,-1,0.0,False
389,MOSSE,14.36310873130845,108,119,184,184,-1,-1,-1,-1,0.0,False
390,MOSSE,13.383691735781124,113,120,181,181,-1,-1,-1,-1,0.0,False
391,MOSSE,13.383691735781124,121,113,182,182,-1,-1,-1,-1,0.0,False
392,MOSSE,13.383691735781124,130,111,180,180,-1,-1,-1,-1,0.0,False
393,MOSSE,13.383691735781124,138,109,180,180,-1,-1,-1,-1,0.0,False
394,MOSSE,13.383691735781124,147,104,179,179,-1,-1,-1,-1,0.0,False
395,MOSSE,13.383691735781124,158,104,174,174,-1,-1,-1,-1,0.0,False
396,MOSSE,13.383691735781124,162,103,178,178,-1,-1,-1,-1,0.0,False
397,MOSSE,13.383691735781124,174,100,174,174,-1,-1,-1,-1,0.0,False
398,MOSSE,13.383691735781124,179,97,176,176,-1,-1,-1,-1,0.0,False
399,MOSSE,13.383691735781124,158,12,226,226,-1,-1,-1,-1,0.0,False
400,MOSSE,13.383691735781124,169,12,220,220,-1,-1,-1,-1,0.0,False
401,MOSSE,13.383691735781124,207,90,182,182,-1,-1,-1,-1,0.0,False
402,MOSSE,13.383691735781124,216,88,181,181,-1,-1,-1,-1,0.0,False
403,MOSSE,13.383691735781124,223,87,181,181,-1,-1,-1,-1,0.0,False
404,MOSSE,13.383691735781124,209,8,215,215,-1,-1,-1,-1,0.0,False
405,MOSSE,13.383691735781124,212,10,210,210,-1,-1,-1,-1,0.0,False
406,MOSSE,13.383691735781124,218,6,215,215,-1,-1,-1,-1,0.0,False
407,MOSSE,13.383691735781124,252,85,179,179,-1,-1,-1,-1,0.0,False
408,MOSSE,13.383691735781124,261,85,176,176,-1,-1,-1,-1,0.0,False
409,MOSSE,13.383691735781124,275,85,173,173,-1,-1,-1,-1,0.0,False
410,MOSSE,13.383691735781124,281,82,177,177,-1,-1,-1,-1,0.0,False
411,MOSSE,13.383691735781124,287,82,178,178,-1,-1,-1,-1,0.0,False
412,MOSSE,13.383691735781124,292,80,179,179,-1,-1,-1,-1,0.0,False
413,MOSSE,13.383691735781124,301,82,176,176,-1,-1,-1,-1,0.0,False
414,MOSSE,13.383691735781124,307,82,176,176,-1,-1,-1,-1,0.0,False
415,MOSSE,13.383691735781124,312,83,175,175,-1,-1,-1,-1,0.0,False
416,MOSSE,13.383691735781124,318,83,174,174,-1,-1,-1,-1,0.0,False
417,MOSSE,13.383691735781124,320,80,185,185,-1,-1,-1,-1,0.0,False
418,MOSSE,13.383691735781124,328,82,181,181,-1,-1,-1,-1,0.0,False
419,MOSSE,13.383691735781124,330,81,188,188,-1,-1,-1,-1,0.0,False
420,MOSSE,14.769424928587929,336,85,185,185,-1,-1,-1,-1,0.0,False
421,MOSSE,14.769424928587929,342,87,181,181,-1,-1,-1,-1,0.0,False
422,MOSSE,14.769424928587929,346,88,182,182,-1,-1,-1,-1,0.0,False
423,MOSSE,14.769424928587929,354,89,181,181,-1,-1,-1,-1,0.0,False
424,MOSSE,14.769424928587929,355,89,182,182,-1,-1,-1,-1,0.0,False
425,MOSSE,14.769424928587929,361,93,178,178,-1,-1,-1,-1,0.0,False
426,MOSSE,14.769424928587929,364,93,179,179,-1,-1,-1,-1,0.0,False
427,MOSSE,14.769424928587929,372,96,180,180,-1,-1,-1,-1,0.0,False
428,MOSSE,14.769424928587929,373,95,183,183,-1,-1,-1,-1,0.0,False
429,MOSSE,14.769424928587929,371,93,186,186,-1,-1,-1,-1,0.0,False
430,MOSSE,14.769424928587929,372,94,187,187,-1,-1,-1,-1,0.0,False
431,MOSSE,14.769424928587929,374,94,185,185,-1,-1,-1,-1,0.0,False
432,MOSSE,14.769424928587929,375,95,180,180,-1,-1,-1,-1,0.0,False
433,MOSSE,14.769424928587929,373,94,183,183,-1,-1,-1,-1,0.0,False
434,MOSSE,14.769424928587929,370,94,185,185,-1,-1,-1,-1,0.0,False
435,MOSSE,14.769424928587929,364,91,188,188,-1,-1,-1,-1,0.0,False
436,MOSSE,14.769424928587929,366,94,178,178,-1,-1,-1,-1,0.0,False
437,MOSSE,14.769424928587929,360,90,184,184,-1,-1,-1,-1,0.0,False
438,MOSSE,14.769424928587929,357,88,182,182,-1,-1,-1,-1,0.0,False
439,MOSSE,14.769424928587929,353,89,180,180,-1,-1,-1,-1,0.0,False
440,MOSSE,14.769424928587929,343,86,187,187,-1,-1,-1,-1,0.0,False
441,MOSSE,14.769424928587929,337,84,186,186,-1,-1,-1,-1,0.0,False
442,MOSSE,14.769424928587929,333,85,181,181,-1,-1,-1,-1,0.0,False
443,MOSSE,14.769424928587929,324,84,182,182,-1,-1,-1,-1,0.0,False
444,MOSSE,14.769424928587929,322,86,173,173,-1,-1,-1,-1,0.0,False
445,MOSSE,14.769424928587929,303,81,177,177,-1,-1,-1,-1,0.0,False
446,MOSSE,14.769424928587929,295,79,177,177,-1,-1,-1,-1,0.0,False
447,MOSSE,14.769424928587929,289,81,173,173,-1,-1,-1,-1,0.0,False
448,MOSSE,14.769424928587929,278,79,176,176,-1,-1,-1,-1,0.0,False
449,MOSSE,14.769424928587929,268,78,177,177,-1,-1,-1,-1,0.0,False
450,MOSSE,14.93046481616047,261,78,176,176,-1,-1,-1,-1,0.0,False
451,MOSSE,14.93046481616047,249,77,180,180,-1,-1,-1,-1,0.0,False
452,MOSSE,14.93046481616047,242,78,179,179,-1,-1,-1,-1,0.0,False
453,MOSSE,14.93046481616047,226,77,182,182,-1,-1,-1,-1,0.0,False
454,MOSSE,14.93046481616047,221,79,178,178,-1,-1,-1,-1,0.0,False
455,MOSSE,14.93046481616047,213,79,181,181,-1,-1,-1,-1,0.0,False
456,MOSSE,14.93046481616047,206,80,182,182,-1,-1,-1,-1,0.0,False
457,MOSSE,14.93046481616047,206,84,174,174,-1,-1,-1,-1,0.0,False
458,MOSSE,14.93046481616047,195,81,182,182,-1,-1,-1,-1,0.0,False
459,MOSSE,14.93046481616047,187,82,183,183,-1,-1,-1,-1,0.0,False
460,MOSSE,14.93046481616047,184,84,182,182,-1,-1,-1,-1,0.0,False
461,MOSSE,14.93046481616047,177,85,181,181,-1,-1,-1,-1,0.0,False
462,MOSSE,14.93046481616047,174,89,176,176,-1,-1,-1,-1,0.0,False
463,MOSSE,14.93046481616047,162,93,174,174,-1,-1,-1,-1,0.0,False
464,MOSSE,14.93046481616047,153,90,184,184,-1,-1,-1,-1,0.0,False
465,MOSSE,14.93046481616047,147,91,186,186,-1,-1,-1,-1,0.0,False
466,MOSSE,14.93046481616047,147,96,179,179,-1,-1,-1,-1,0.0,False
467,MOSSE,14.93046481616047,143,97,180,180,-1,-1,-1,-1,0.0,False
468,MOSSE,14.93046481616047,135,97,184,184,-1,-1,-1,-1,0.0,False
469,MOSSE,14.93046481616047,128,98,186,186,-1,-1,-1,-1,0.0,False
470,MOSSE,14.93046481616047,122,98,193,193,-1,-1,-1,-1,0.0,False
471,MOSSE,14.93046481616047,124,105,184,184,-1,-1,-1,-1,0.0,False
472,MOSSE,14.93046481616047,121,104,187,187,-1,-1,-1,-1,0.0,False
473,MOSSE,14.93046481616047,111,101,195,195,-1,-1,-1,-1,0.0,False
474,MOSSE,14.93046481616047,105,100,204,204,-1,-1,-1,-1,0.0,False
475,MOSSE,14.93046481616047,109,104,194,194,-1,-1,-1,-1,0.0,False
476,MOSSE,14.93046481616047,105,101,202,202,-1,-1,-1,-1,0.0,False
477,MOSSE,14.93046481616047,112,101,197,197,-1,-1,-1,-1,0.0,False
478,MOSSE,14.93046481616047,119,104,187,187,-1,-1,-1,-1,0.0,False
479,MOSSE,14.93046481616047,123,104,184,184,-1,-1,-1,-1,0.0,False
480,MOSSE,15.363128136930225,124,102,189,189,-1,-1,-1,-1,0.0,False
481,MOSSE,15.363128136930225,139,99,183,183,-1,-1,-1,-1,0.0,False
482,MOSSE,15.363128136930225,147,98,181,181,-1,-1,-1,-1,0.0,False
483,MOSSE,15.363128136930225,157,97,177,177,-1,-1,-1,-1,0.0,False
484,MOSSE,15.363128136930225,162,93,184,184,-1,-1,-1,-1,0.0,False
485,MOSSE,15.363128136930225,170,90,181,181,-1,-1,-1,-1,0.0,False
486,MOSSE,15.363128136930225,181,91,174,174,-1,-1,-1,-1,0.0,False
487,MOSSE,15.363128136930225,186,88,181,181,-1,-1,-1,-1,0.0,False
488,MOSSE,15.363128136930225,195,87,179,179,-1,-1,-1,-1,0.0,False
489,MOSSE,15.363128136930225,178,4,224,224,-1,-1,-1,-1,0.0,False
490,MOSSE,15.363128136930225,189,6,215,215,-1,-1,-1,-1,0.0,False
491,MOSSE,15.363128136930225,227,83,176,176,-1,-1,-1,-1,0.0,False
492,MOSSE,15.363128136930225,234,82,177,177,-1,-1,-1,-1,0.0,False
493,MOSSE,15.363128136930225,244,83,170,170,-1,-1,-1,-1,0.0,False
494,MOSSE,15.363128136930225,247,81,176,176,-1,-1,-1,-1,0.0,False
495,MOSSE,15.363128136930225,253,79,177,177,-1,-1,-1,-1,0.0,False
496,MOSSE,15.363128136930225,258,79,178,178,-1,-1,-1,-1,0.0,False
497,MOSSE,15.363128136930225,265,80,176,176,-1,-1,-1,-1,0.0,False
498,MOSSE,15.363128136930225,270,80,177,177,-1,-1,-1,-1,0.0,False
499,MOSSE,15.363128136930225,280,80,176,176,-1,-1,-1,-1,0.0,False
500,MOSSE,15.363128136930225,285,78,179,179,-1,-1,-1,-1,0.0,False
501,MOSSE,15.363128136930225,290,79,178,178,-1,-1,-1,-1,0.0,False
502,MOSSE,15.363128136930225,293,78,181,181,-1,-1,-1,-1,0.0,False
503,MOSSE,15.363128136930225,297,78,182,182,-1,-1,-1,-1,0.0,False
504,MOSSE,15.363128136930225,303,78,182,182,-1,-1,-1,-1,0.0,False
505,MOSSE,15.363128136930225,308,79,181,181,-1,-1,-1,-1,0.0,False
506,MOSSE,15.363128136930225,312,80,182,182,-1,-1,-1,-1,0.0,False
507,MOSSE,15.363128136930225,321,79,186,186,-1,-1,-1,-1,0.0,False
508,MOSSE,15.363128136930225,326,79,188,188,-1,-1,-1,-1,0.0,False
509,MOSSE,15.363128136930225,330,80,192,192,-1,-1,-1,-1,0.0,False
510,MOSSE,14.727754678813199,334,82,191,191,-1,-1,-1,-1,0.0,False
511,MOSSE,14.727754678813199,341,82,189,189,-1,-1,-1,-1,0.0,False
512,MOSSE,14.727754678813199,349,87,185,185,-1,-1,-1,-1,0.0,False
513,MOSSE,14.727754678813199,350,85,194,194,-1,-1,-1,-1,0.0,False
514,MOSSE,14.727754678813199,354,84,197,197,-1,-1,-1,-1,0.0,False
515,MOSSE,14.727754678813199,354,84,199,199,-1,-1,-1,-1,0.0,False
516,MOSSE,14.727754678813199,355,82,204,204,-1,-1,-1,-1,0.0,False
517,MOSSE,14.727754678813199,354,82,207,207,-1,-1,-1,-1,0.0,False
518,CSRT,14.727754678813199,362,81,199,199,-1,-1,-1,-1,0.0,False
519,CSRT,14.727754678813199,355,86,197,197,-1,-1,-1,-1,0.0,False
520,CSRT,14.727754678813199,351,85,192,192,-1,-1,-1,-1,0.0,False
521,CSRT,14.727754678813199,352,86,187,187,-1,-1,-1,-1,0.0,False
522,CSRT,14.727754678813199,346,86,187,187,-1,-1,-1,-1,0.0,False
523,CSRT,14.727754678813199,340,82,193,193,-1,-1,-1,-1,0.0,False
524,CSRT,14.727754678813199,332,79,191,191,-1,-1,-1,-1,0.0,False
525,CSRT,14.727754678813199,312,80,183,183,-1,-1,-1,-1,0.0,False
526,CSRT,14.727754678813199,303,77,184,184,-1,-1,-1,-1,0.0,False
527,CSRT,14.727754678813199,295,77,184,184,-1,-1,-1,-1,0.0,False
528,CSRT,14.727754678813199,289,77,182,182,-1,-1,-1,-1,0.0,False
529,CSRT,14.727754678813199,272,75,181,181,-1,-1,-1,-1,0.0,False
530,CSRT,14.727754678813199,265,76,181,181,-1,-1,-1,-1,0.0,False
531,CSRT,14.727754678813199,253,76,182,182,-1,-1,-1,-1,0.0,False
532,CSRT,14.727754678813199,238,76,183,183,-1,-1,-1,-1,0.0,False
533,CSRT,14.727754678813199,230,77,184,184,-1,-1,-1,-1,0.0,False
534,CSRT,14.727754678813199,229,79,176,176,-1,-1,-1,-1,0.0,False
535,CSRT,14.727754678813199,219,78,179,179,-1,-1,-1,-1,0.0,False
536,CSRT,14.727754678813199,210,78,183,183,-1,-1,-1,-1,0.0,False
537,CSRT,14.727754678813199,204,80,181,181,-1,-1,-1,-1,0.0,False
538,CSRT,14.727754678813199,178,83,182,182,-1,-1,-1,-1,0.0,False
539,CSRT,14.727754678813199,173,88,177,177,-1,-1,-1,-1,0.0,False
540,CSRT,12.809972607458993,170,90,172,172,-1,-1,-1,-1,0.0,False
541,CSRT,12.809972607458993,156,90,179,179,-1,-1,-1,-1,0.0,False
542,CSRT,12.809972607458993,148,91,179,179,-1,-1,-1,-1,0.0,False
543,CSRT,12.809972607458993,142,96,179,179,-1,-1,-1,-1,0.0,False
544,CSRT,12.809972607458993,123,98,192,192,-1,-1,-1,-1,0.0,False
545,CSRT,12.809972607458993,113,95,204,204,-1,-1,-1,-1,0.0,False
546,CSRT,12.809972607458993,117,98,196,196,-1,-1,-1,-1,0.0,False
547,CSRT,12.809972607458993,118,99,194,194,-1,-1,-1,-1,0.0,False
548,CSRT,12.809972607458993,119,100,193,193,-1,-1,-1,-1,0.0,False
549,CSRT,12.809972607458993,129,106,178,178,-1,-1,-1,-1,0.0,False
550,CSRT,12.809972607458993,119,100,192,192,-1,-1,-1,-1,0.0,False
551,CSRT,12.809972607458993,125,102,186,186,-1,-1,-1,-1,0.0,False
552,CSRT,12.809972607458993,128,99,190,190,-1,-1,-1,-1,0.0,False
553,CSRT,12.809972607458993,129,98,190,190,-1,-1,-1,-1,0.0,False
554,CSRT,12.809972607458993,132,96,192,192,-1,-1,-1,-1,0.0,False
555,CSRT,12.809972607458993,140,96,187,187,-1,-1,-1,-1,0.0,False
556,CSRT,12.809972607458993,143,96,184,184,-1,-1,-1,-1,0.0,False
557,CSRT,12.809972607458993,154,95,181,181,-1,-1,-1,-1,0.0,False
558,CSRT,12.809972607458993,161,95,178,178,-1,-1,-1,-1,0.0,False
559,CSRT,12.809972607458993,163,89,187,187,-1,-1,-1,-1,0.0,False
560,CSRT,12.809972607458993,170,92,180,180,-1,-1,-1,-1,0.0,False
561,CSRT,12.809972607458993,170,90,182,182,-1,-1,-1,-1,0.0,False
562,CSRT,12.809972607458993,183,88,178,178,-1,-1,-1,-1,0.0,False
563,CSRT,12.809972607458993,189,86,182,182,-1,-1,-1,-1,0.0,False
564,CSRT,12.809972607458993,201,83,181,181,-1,-1,-1,-1,0.0,False
565,CSRT,12.809972607458993,202,80,187,187,-1,-1,-1,-1,0.0,False
566,CSRT,12.809972607458993,211,82,179,179,-1,-1,-1,-1,0.0,False
567,CSRT,12.809972607458993,214,80,184,184,-1,-1,-1,-1,0.0,False
568,CSRT,12.809972607458993,221,79,184,184,-1,-1,-1,-1,0.0,False
569,CSRT,12.809972607458993,227,80,179,179,-1,-1,-1,-1,0.0,False
570,CSRT,12.348226545565598,234,80,177,177,-1,-1,-1,-1,0.0,False
571,CSRT,12.348226545565598,251,79,177,177,-1,-1,-1,-1,0.0,False
572,CSRT,12.348226545565598,256,78,178,178,-1,-1,-1,-1,0.0,False
573,CSRT,12.348226545565598,261,80,177,177,-1,-1,-1,-1,0.0,False
574,CSRT,12.348226545565598,268,78,177,177,-1,-1,-1,-1,0.0,False
575,CSRT,12.348226545565598,270,76,180,180,-1,-1,-1,-1,0.0,False
576,CSRT,12.348226545565598,278,78,179,179,-1,-1,-1,-1,0.0,False
577,CSRT,12.348226545565598,286,76,181,181,-1,-1,-1,-1,0.0,False
578,CSRT,12.348226545565598,301,77,178,178,-1,-1,-1,-1,0.0,False
579,CSRT,12.348226545565598,312,78,179,179,-1,-1,-1,-1,0.0,False
580,CSRT,12.348226545565598,293,5,194,194,-1,-1,-1,-1,0.0,False
581,CSRT,12.348226545565598,323,78,182,182,-1,-1,-1,-1,0.0,False
582,CSRT,12.348226545565598,329,79,183,183,-1,-1,-1,-1,0.0,False
583,CSRT,12.348226545565598,335,79,180,180,-1,-1,-1,-1,0.0,False
584,CSRT,12.348226545565598,313,4,199,199,-1,-1,-1,-1,0.0,False
585,CSRT,12.348226545565598,320,6,196,196,-1,-1,-1,-1,0.0,False
586,CSRT,12.348226545565598,354,81,184,184,-1,-1,-1,-1,0.0,False
587,CSRT,12.348226545565598,361,84,177,177,-1,-1,-1,-1,0.0,False
588,CSRT,12.348226545565598,359,81,189,189,-1,-1,-1,-1,0.0,False
589,CSRT,12.348226545565598,361,85,186,186,-1,-1,-1,-1,0.0,False
590,CSRT,12.348226545565598,368,83,184,184,-1,-1,-1,-1,0.0,False
591,CSRT,12.348226545565598,363,84,193,193,-1,-1,-1,-1,0.0,False
592,CSRT,12.348226545565598,362,18,184,184,-1,-1,-1,-1,0.0,False
593,CSRT,12.348226545565598,370,89,182,182,-1,-1,-1,-1,0.0,False
594,CSRT,12.348226545565598,366,85,196,196,-1,-1,-1,-1,0.0,False
595,CSRT,12.348226545565598,360,10,199,199,-1,-1,-1,-1,0.0,False
596,CSRT,12.348226545565598,-1,-1,-1,-1,-1,-1,-1,-1,0.0,False
597,CSRT,12.348226545565598,-1,-1,-1,-1,-1,-1,-1,-1,0.0,False
598,CSRT,12.348226545565598,368,86,196,196,-1,-1,-1,-1,0.0,False
599,CSRT,12.348226545565598,363,83,204,204,-1,-1,-1,-1,0.0,False
600,CSRT,12.894772062327387,359,82,201,201,-1,-1,-1,-1,0.0,False
601,CSRT,12.894772062327387,369,87,185,185,-1,-1,-1,-1,0.0,False
602,CSRT,12.894772062327387,358,82,183,183,-1,-1,-1,-1,0.0,False
603,CSRT,12.894772062327387,350,80,186,186,-1,-1,-1,-1,0.0,False
604,CSRT,12.894772062327387,345,81,182,182,-1,-1,-1,-1,0.0,False
605,CSRT,12.894772062327387,338,79,182,182,-1,-1,-1,-1,0.0,False
606,CSRT,12.894772062327387,332,80,182,182,-1,-1,-1,-1,0.0,False
607,CSRT,12.894772062327387,328,83,175,175,-1,-1,-1,-1,0.0,False
608,CSRT,12.894772062327387,316,82,174,174,-1,-1,-1,-1,0.0,False
609,CSRT,12.894772062327387,306,83,171,171,-1,-1,-1,-1,0.0,False
610,CSRT,12.894772062327387,295,84,169,169,-1,-1,-1,-1,0.0,False
611,CSRT,12.894772062327387,288,82,172,172,-1,-1,-1,-1,0.0,False
612,CSRT,12.894772062327387,281,80,174,174,-1,-1,-1,-1,0.0,False
613,CSRT,12.894772062327387,276,81,172,172,-1,-1,-1,-1,0.0,False
614,CSRT,12.894772062327387,251,6,199,199,-1,-1,-1,-1,0.0,False
615,CSRT,12.894772062327387,252,81,172,172,-1,-1,-1,-1,0.0,False
616,CSRT,12.894772062327387,243,79,179,179,-1,-1,-1,-1,0.0,False
617,CSRT,12.894772062327387,240,81,175,175,-1,-1,-1,-1,0.0,False
618,CSRT,12.894772062327387,236,82,174,174,-1,-1,-1,-1,0.0,False
619,CSRT,12.894772062327387,232,84,173,173,-1,-1,-1,-1,0.0,False
620,CSRT,12.894772062327387,204,7,209,209,-1,-1,-1,-1,0.0,False
621,CSRT,12.894772062327387,209,82,178,178,-1,-1,-1,-1,0.0,False
622,CSRT,12.894772062327387,201,82,181,181,-1,-1,-1,-1,0.0,False
623,CSRT,12.894772062327387,171,7,215,215,-1,-1,-1,-1,0.0,False
624,CSRT,12.894772062327387,192,88,175,175,-1,-1,-1,-1,0.0,False
625,CSRT,12.894772062327387,180,90,174,174,-1,-1,-1,-1,0.0,False
626,CSRT,12.894772062327387,169,95,169,169,-1,-1,-1,-1,0.0,False
627,CSRT,12.894772062327387,162,96,170,170,-1,-1,-1,-1,0.0,False
628,CSRT,12.894772062327387,143,98,176,176,-1,-1,-1,-1,0.0,False
629,CSRT,12.894772062327387,142,101,173,173,-1,-1,-1,-1,0.0,False
630,CSRT,12.113386247017962,137,104,172,172,-1,-1,-1,-1,0.0,False
631,CSRT,12.113386247017962,132,107,173,173,-1,-1,-1,-1,0.0,False
632,CSRT,12.113386247017962,130,106,172,172,-1,-1,-1,-1,0.0,False
633,CSRT,12.113386247017962,124,107,178,178,-1,-1,-1,-1,0.0,False
634,CSRT,12.113386247017962,117,115,176,176,-1,-1,-1,-1,0.0,False
635,CSRT,12.113386247017962,114,115,174,174,-1,-1,-1,-1,0.0,False
636,CSRT,12.113386247017962,112,115,177,177,-1,-1,-1,-1,0.0,False
637,KCF,12.113386247017962,108,116,179,179,-1,-1,-1,-1,0.0,False
638,KCF,12.113386247017962,110,116,177,177,-1,-1,-1,-1,0.0,False
639,KCF,12.113386247017962,108,118,178,178,-1,-1,-1,-1,0.0,False
640,KCF,12.113386247017962,116,116,175,175,-1,-1,-1,-1,0.0,False
641,KCF,12.113386247017962,114,112,181,181,-1,-1,-1,-1,0.0,False
642,KCF,12.113386247017962,125,115,169,169,-1,-1,-1,-1,0.0,False
643,KCF,12.113386247017962,130,110,172,172,-1,-1,-1,-1,0.0,False
644,KCF,12.113386247017962,128,108,178,178,-1,-1,-1,-1,0.0,False
645,KCF,12.113386247017962,140,107,171,171,-1,-1,-1,-1,0.0,False
646,KCF,12.113386247017962,141,103,178,178,-1,-1,-1,-1,0.0,False
647,KCF,12.113386247017962,149,106,168,168,-1,-1,-1,-1,0.0,False
648,KCF,12.113386247017962,153,103,171,171,-1,-1,-1,-1,0.0,False
649,KCF,12.113386247017962,162,104,166,166,-1,-1,-1,-1,0.0,False
650,KCF,12.113386247017962,166,98,175,175,-1,-1,-1,-1,0.0,False
651,KCF,12.113386247017962,171,97,176,176,-1,-1,-1,-1,0.0,False
652,KCF,12.113386247017962,174,95,178,178,-1,-1,-1,-1,0.0,False
653,KCF,12.113386247017962,182,97,170,170,-1,-1,-1,-1,0.0,False
654,KCF,12.113386247017962,187,96,168,168,-1,-1,-1,-1,0.0,False
655,KCF,12.113386247017962,191,94,173,173,-1,-1,-1,-1,0.0,False
656,KCF,12.113386247017962,194,91,175,175,-1,-1,-1,-1,0.0,False
657,KCF,12.113386247017962,200,92,173,173,-1,-1,-1,-1,0.0,False
658,KCF,12.113386247017962,210,91,172,172,-1,-1,-1,-1,0.0,False
659,KCF,12.113386247017962,213,90,172,172,-1,-1,-1,-1,0.0,False
660,KCF,14.576514144113535,221,90,170,170,-1,-1,-1,-1,0.0,False
661,KCF,14.576514144113535,222,87,175,175,-1,-1,-1,-1,0.0,False
662,KCF,14.576514144113535,226,84,179,179,-1,-1,-1,-1,0.0,False
663,KCF,14.576514144113535,211,9,206,206,-1,-1,-1,-1,0.0,False
664,KCF,14.576514144113535,241,85,172,172,-1,-1,-1,-1,0.0,False
665,KCF,14.576514144113535,245,82,176,176,-1,-1,-1,-1,0.0,False
666,KCF,14.576514144113535,234,5,202,202,-1,-1,-1,-1,0.0,False
667,KCF,14.576514144113535,259,81,176,176,-1,-1,-1,-1,0.0,False
668,KCF,14.576514144113535,273,83,170,170,-1,-1,-1,-1,0.0,False
669,KCF,14.576514144113535,278,81,172,172,-1,-1,-1,-1,0.0,False
670,KCF,14.576514144113535,284,82,170,170,-1,-1,-1,-1,0.0,False
671,KCF,14.576514144113535,288,81,172,172,-1,-1,-1,-1,0.0,False
672,KCF,14.576514144113535,292,79,176,176,-1,-1,-1,-1,0.0,False
673,KCF,14.576514144113535,298,79,174,174,-1,-1,-1,-1,0.0,False
674,KCF,14.576514144113535,305,80,173,173,-1,-1,-1,-1,0.0,False
675,KCF,14.576514144113535,308,79,176,176,-1,-1,-1,-1,0.0,False
676,KCF,14.576514144113535,317,81,176,176,-1,-1,-1,-1,0.0,False
677,KCF,14.576514144113535,322,81,175,175,-1,-1,-1,-1,0.0,False
678,KCF,14.576514144113535,326,81,178,178,-1,-1,-1,-1,0.0,False
679,KCF,14.576514144113535,326,81,181,181,-1,-1,-1,-1,0.0,False
680,KCF,14.576514144113535,334,83,174,174,-1,-1,-1,-1,0.0,False
681,KCF,14.576514144113535,335,83,178,178,-1,-1,-1,-1,0.0,False
682,KCF,14.576514144113535,337,83,180,180,-1,-1,-1,-1,0.0,False
683,KCF,14.576514144113535,341,84,178,178,-1,-1,-1,-1,0.0,False
684,KCF,14.576514144113535,342,84,180,180,-1,-1,-1,-1,0.0,False
685,KCF,14.576514144113535,347,87,176,176,-1,-1,-1,-1,0.0,False
686,KCF,14.576514144113535,351,89,177,177,-1,-1,-1,-1,0.0,False
687,KCF,14.576514144113535,351,88,183,183,-1,-1,-1,-1,0.0,False
688,KCF,14.576514144113535,355,89,179,179,-1,-1,-1,-1,0.0,False
689,KCF,14.576514144113535,338,12,198,198,-1,-1,-1,-1,0.0,False
690,KCF,15.121981996988081,359,90,173,173,-1,-1,-1,-1,0.0,False
691,KCF,15.121981996988081,357,88,178,178,-1,-1,-1,-1,0.0,False
692,KCF,15.121981996988081,356,88,177,177,-1,-1,-1,-1,0.0,False
693,KCF,15.121981996988081,354,87,175,175,-1,-1,-1,-1,0.0,False
694,KCF,15.121981996988081,349,86,174,174,-1,-1,-1,-1,0.0,False
695,KCF,15.121981996988081,343,83,177,177,-1,-1,-1,-1,0.0,False
696,KCF,15.121981996988081,340,83,178,178,-1,-1,-1,-1,0.0,False
697,KCF,15.121981996988081,335,83,178,178,-1,-1,-1,-1,0.0,False
698,KCF,15.121981996988081,332,83,173,173,-1,-1,-1,-1,0.0,False
699,KCF,15.121981996988081,326,83,176,176,-1,-1,-1,-1,0.0,False
700,KCF,15.121981996988081,324,85,169,169,-1,-1,-1,-1,0.0,False
701,KCF,15.121981996988081,317,83,172,172,-1,-1,-1,-1,0.0,False
702,KCF,15.121981996988081,310,83,172,172,-1,-1,-1,-1,0.0,False
703,KCF,15.121981996988081,307,83,170,170,-1,-1,-1,-1,0.0,False
704,KCF,15.121981996988081,296,81,173,173,-1,-1,-1,-1,0.0,False
705,KCF,15.121981996988081,291,81,172,172,-1,-1,-1,-1,0.0,False
706,KCF,15.121981996988081,286,79,173,173,-1,-1,-1,-1,0.0,False
707,KCF,15.121981996988081,281,80,174,174,-1,-1,-1,-1,0.0,False
708,KCF,15.121981996988081,275,79,176,176,-1,-1,-1,-1,0.0,False
709,KCF,15.121981996988081,270,78,176,176,-1,-1,-1,-1,0.0,False
710,KCF,15.121981996988081,265,78,176,176,-1,-1,-1,-1,0.0,False
711,KCF,15.121981996988081,262,80,172,172,-1,-1,-1,-1,0.0,False
712,KCF,15.121981996988081,251,81,176,176,-1,-1,-1,-1,0.0,False
713,KCF,15.121981996988081,247,81,173,173,-1,-1,-1,-1,0.0,False
714,KCF,15.121981996988081,238,78,180,180,-1,-1,-1,-1,0.0,False
715,KCF,15.121981996988081,235,82,174,174,-1,-1,-1,-1,0.0,False
716,KCF,15.121981996988081,224,81,178,178,-1,-1,-1,-1,0.0,False
717,KCF,15.121981996988081,221,81,180,180,-1,-1,-1,-1,0.0,False
718,KCF,15.121981996988081,216,82,177,177,-1,-1,-1,-1,0.0,False
719,KCF,15.121981996988081,210,83,179,179,-1,-1,-1,-1,0.0,False
720,KCF,15.032140788696534,170,6,218,218,-1,-1,-1,-1,0.0,False
721,KCF,15.032140788696534,196,85,182,182,-1,-1,-1,-1,0.0,False
722,KCF,15.032140788696534,166,17,205,205,-1,-1,-1,-1,0.0,False
723,KCF,15.032140788696534,181,89,181,181,-1,-1,-1,-1,0.0,False
724,KCF,15.032140788696534,179,92,176,176,-1,-1,-1,-1,0.0,False
725,KCF,15.032140788696534,175,96,175,175,-1,-1,-1,-1,0.0,False
726,KCF,15.032140788696534,173,98,173,173,-1,-1,-1,-1,0.0,False
727,KCF,15.032140788696534,165,98,175,175,-1,-1,-1,-1,0.0,False
728,KCF,15.032140788696534,162,102,172,172,-1,-1,-1,-1,0.0,False
729,KCF,15.032140788696534,159,105,169,169,-1,-1,-1,-1,0.0,False
730,KCF,15.032140788696534,153,107,171,171,-1,-1,-1,-1,0.0,False
731,KCF,15.032140788696534,151,108,171,171,-1,-1,-1,-1,0.0,False
732,KCF,15.032140788696534,153,112,164,164,-1,-1,-1,-1,0.0,False
733,KCF,15.032140788696534,148,112,167,167,-1,-1,-1,-1,0.0,False
734,KCF,15.032140788696534,141,110,176,176,-1,-1,-1,-1,0.0,False
735,KCF,15.032140788696534,145,115,168,168,-1,-1,-1,-1,0.0,False
736,KCF,15.032140788696534,144,117,168,168,-1,-1,-1,-1,0.0,False
737,KCF,15.032140788696534,138,114,173,173,-1,-1,-1,-1,0.0,False
738,KCF,15.032140788696534,141,116,167,167,-1,-1,-1,-1,0.0,False
739,KCF,15.032140788696534,138,115,174,174,-1,-1,-1,-1,0.0,False
740,MIL,15.032140788696534,144,118,165,165,-1,-1,-1,-1,0.0,False
741,MIL,15.032140788696534,149,118,162,162,-1,-1,-1,-1,0.0,False
742,MIL,15.032140788696534,143,112,172,172,-1,-1,-1,-1,0.0,False
743,MIL,15.032140788696534,146,111,170,170,-1,-1,-1,-1,0.0,False
744,MIL,15.032140788696534,151,111,171,171,-1,-1,-1,-1,0.0,False
745,MIL,15.032140788696534,154,108,172,172,-1,-1,-1,-1,0.0,False
746,MIL,15.032140788696534,162,106,171,171,-1,-1,-1,-1,0.0,False
747,MIL,15.032140788696534,166,105,172,172,-1,-1,-1,-1,0.0,False
748,MIL,15.032140788696534,178,104,169,169,-1,-1,-1,-1,0.0,False
749,MIL,15.032140788696534,182,99,174,174,-1,-1,-1,-1,0.0,False
750,MIL,14.470899924223614,185,97,177,177,-1,-1,-1,-1,0.0,False
751,MIL,14.470899924223614,189,96,180,180,-1,-1,-1,-1,0.0,False
752,MIL,14.470899924223614,195,96,179,179,-1,-1,-1,-1,0.0,False
753,MIL,14.470899924223614,171,12,222,222,-1,-1,-1,-1,0.0,False
754,MIL,14.470899924223614,175,11,221,221,-1,-1,-1,-1,0.0,False
755,MIL,14.470899924223614,213,88,183,183,-1,-1,-1,-1,0.0,False
756,MIL,14.470899924223614,218,89,178,178,-1,-1,-1,-1,0.0,False
757,MIL,14.470899924223614,224,89,175,175,-1,-1,-1,-1,0.0,False
758,MIL,14.470899924223614,230,91,169,169,-1,-1,-1,-1,0.0,False
759,MIL,14.470899924223614,214,11,205,205,-1,-1,-1,-1,0.0,False
760,MIL,14.470899924223614,223,8,205,205,-1,-1,-1,-1,0.0,False
761,MIL,14.470899924223614,248,86,173,173,-1,-1,-1,-1,0.0,False
762,MIL,14.470899924223614,252,84,174,174,-1,-1,-1,-1,0.0,False
763,MIL,14.470899924223614,261,82,177,177,-1,-1,-1,-1,0.0,False
764,MIL,14.470899924223614,270,83,171,171,-1,-1,-1,-1,0.0,False
765,MIL,14.470899924223614,281,83,169,169,-1,-1,-1,-1,0.0,False
766,MIL,14.470899924223614,292,84,167,167,-1,-1,-1,-1,0.0,False
767,MIL,14.470899924223614,295,85,166,166,-1,-1,-1,-1,0.0,False
768,MIL,14.470899924223614,299,84,167,167,-1,-1,-1,-1,0.0,False
769,MIL,14.470899924223614,303,85,165,165,-1,-1,-1,-1,0.0,False
770,MIL,14.470899924223614,306,84,166,166,-1,-1,-1,-1,0.0,False
771,MIL,14.470899924223614,309,85,164,164,-1,-1,-1,-1,0.0,False
772,MIL,14.470899924223614,310,84,168,168,-1,-1,-1,-1,0.0,False
773,MIL,14.470899924223614,311,84,168,168,-1,-1,-1,-1,0.0,False
774,MIL,14.470899924223614,315,87,162,162,-1,-1,-1,-1,0.0,False
775,MIL,14.470899924223614,315,87,164,164,-1,-1,-1,-1,0.0,False
776,MIL,14.470899924223614,312,85,170,170,-1,-1,-1,-1,0.0,False
777,MIL,14.470899924223614,314,87,169,169,-1,-1,-1,-1,0.0,False
778,MIL,14.470899924223614,317,87,168,168,-1,-1,-1,-1,0.0,False
779,MIL,14.470899924223614,316,87,169,169,-1,-1,-1,-1,0.0,False
780,MIL,12.42352930025411,315,88,168,168,-1,-1,-1,-1,0.0,False
781,MIL,12.42352930025411,314,87,170,170,-1,-1,-1,-1,0.0,False
